{
  "NR-AR": 0.07985333353281021,
  "NR-AR-LBD": 0.03828111290931702,
  "NR-AhR": 0.2117990106344223,
  "NR-Aromatase": 0.02886751852929592,
  "NR-ER": 0.3815525472164154,
  "NR-ER-LBD": 0.07146719843149185,
  "NR-PPAR-gamma": 0.014279603958129883,
  "SR-ARE": 0.3218677043914795,
  "SR-ATAD5": 0.021368607878684998,
  "SR-HSE": 0.057413049042224884,
  "SR-MMP": 0.1979111135005951,
  "SR-p53": 0.052933383733034134
}